{
  "Gestational": {
    "precision": 0.0273972602739726,
    "recall": 0.03773584905660377,
    "f1-score": 0.031746031746031744,
    "support": 53.0
  },
  "No Diabetes": {
    "precision": 0.8494623655913979,
    "recall": 0.8165374677002584,
    "f1-score": 0.8326745718050066,
    "support": 1548.0
  },
  "Pre-Diabetes": {
    "precision": 0.8268137746573052,
    "recall": 0.7973561180074158,
    "f1-score": 0.8118178087812885,
    "support": 6203.0
  },
  "Type 1": {
    "precision": 0.0,
    "recall": 0.0,
    "f1-score": 0.0,
    "support": 23.0
  },
  "Type 2": {
    "precision": 0.8710084033613446,
    "recall": 0.8909997421129545,
    "f1-score": 0.8808906641737135,
    "support": 11633.0
  },
  "accuracy": 0.8518499486125385,
  "macro avg": {
    "precision": 0.514936360776804,
    "recall": 0.5085258353754465,
    "f1-score": 0.5114258153012081,
    "support": 19460.0
  },
  "weighted avg": {
    "precision": 0.8518800820776871,
    "recall": 0.8518499486125385,
    "f1-score": 0.8516839538047191,
    "support": 19460.0
  }
}